  1 Another One Bites The Dust,Queen,Greatest Hits,55,100,217                                                                                                          
  2 Asche Zu Asche,Rammstein,Herzeleid,79,100,231
  3 Beauty School Dropout,Various,Grease,48,100,239
  4 Black Dog,Led Zeppelin,IV,109,100,296
  5 Bring The Boys Back Home,Pink Floyd,The Wall [Disc 2],33,100,87
  6 Circles,Bryan Lee,Blues Is,54,60,355
  7 Comfortably Numb,Pink Floyd,The Wall [Disc 2],36,100,384
  8 Crazy Little Thing Called Love,Queen,Greatest Hits,38,100,163
  9 Electric Funeral,Black Sabbath,Paranoid,44,100,293
 10 Fat Bottomed Girls,Queen,Greatest Hits,38,100,257
 11 For Those About To Rock (We Salute You),AC/DC,Who Made Who,84,100,353
 12 Four Sticks,Led Zeppelin,IV,84,100,284
 13 Furious Angels,Rob Dougan,The Matrix Reloaded,54,100,330
 14 Gelle,Bryan Lee,Blues Is,45,60,199
 15 Going To California,Led Zeppelin,IV,100,100,215
 16 Grease,Various,Grease,42,100,205
 17 Hand of Doom,Black Sabbath,Paranoid,36,100,429
 18 Hells Bells,AC/DC,Who Made Who,82,100,312
 19 Hey You,Pink Floyd,The Wall [Disc 2],23,100,282
 20 I Worry,Bryan Lee,Blues Is,33,100,341
 21 Iron Man,Black Sabbath,Paranoid,39,100,358
 22 Is There Anybody Out There?,Pink Floyd,The Wall [Disc 2],26,100,160
 23 It was a Very Good Year,Frank Sinatra,Greatest Hits,39,100,268
 24 Its Your Move,Bryan Lee,Blues Is,40,100,245
 25 Jack the Stripper/Fairies Wear Boots,Black Sabbath,Paranoid,35,100,373
 26 Killer Queen,Queen,Greatest Hits,34,100,181
 27 Laichzeit,Rammstein,Herzeleid,41,100,262
 28 Let me Down Easy,Bryan Lee,Blues Is,43,100,331
 29 Misty Mountain Hop,Led Zeppelin,IV,88,100,278
 30 No Low Down,Bryan Lee,Blues Is,39,100,245
 31 Now You Are Gone,America,Greatest Hits,52,100,187
 32 Outside The Wall,Pink Floyd,The Wall [Disc 2],16,100,104
 33 Paranoid,Black Sabbath,Paranoid,36,100,172
 34 Planet Caravan,Black Sabbath,Paranoid,38,100,274
 35 Pretty Jeanie,Bryan Lee,Blues Is,34,100,225
 36 Rammstein,Rammstein,Herzeleid,45,100,265
 37 Rat Salad,Black Sabbath,Paranoid,46,100,150
 38 Rock & Roll,Led Zeppelin,IV,109,100,220
 39 Rode Across the Desert,America,Greatest Hits,60,100,249
 40 Sandy,Various,Grease,36,100,155
 41 Shake Your Foundations,AC/DC,Who Made Who,85,100,233
 42 Sister Golden Hair,America,Greatest Hits,60,100,202
 43 Somebody To Love,Queen,Greatest Hits,17,100,297
 44 Stairway To Heaven,Led Zeppelin,IV,93,100,481
 45 Strangers in the Night,Frank Sinatra,Greatest Hits,42,100,158
 46 Summer Nights,Various,Grease,35,100,216
 47 Summer Wind,Frank Sinatra,Greatest Hits,46,100,177
 48 Thats Life,Frank Sinatra,Greatest Hits,43,100,189
 49 The Battle Of Evermore,Led Zeppelin,IV,110,100,351
 50 "The Blues ""Is""",Bryan Lee,Blues Is,45,100,252
 51 There it Is,Bryan Lee,Blues Is,35,100,395
 52 Think,Bryan Lee,Blues Is,41,100,320
 53 This Town,Frank Sinatra,Greatest Hits,44,100,185
 54 Tin Man,America,Greatest Hits,50,100,210
 55 Track 01,Billy Price,Danger Zone,47,100,261
 56 Track 02,Billy Price,Danger Zone,42,100,165
 57 Track 03,Billy Price,Danger Zone,41,100,206
 58 Messin with the Kid,The Canettes Blues Band,Self Titled,23,100,226
 59 Track 04,Billy Price,Danger Zone,37,100,257
 60 Stormy Monday,The Canettes Blues Band,Self Titled,29,100,464
 61 Track 05,Billy Price,Danger Zone,42,100,230
 62 Waiting on Ice,Bryan Lee,Blues Is,37,100,289
 63 War Pigs/Luke's Wall,Black Sabbath,Paranoid,38,100,478
 64 We Are The Champions,Queen,Greatest Hits,24,100,181
 65 We Will Rock You,Queen,Greatest Hits,33,100,123
 66 When Somebody Loves You,Frank Sinatra,Greatest Hits,43,100,117
 67 When The Levee Breaks,Led Zeppelin,IV,83,100,427
 68 You are the One that I Want,Various,Grease,31,100,169
 69 You Done Me Wrong,Bryan Lee,Blues Is,35,100,200
 70 You Shook Me All Night Long,AC/DC,Who Made Who,92,100,210
 71 You're My Best Friend,Queen,Greatest Hits,31,100,172
 72 Zion,Fluke,The Matrix Reloaded,47,100,273
 73 Who Made Who,AC/DC,Who Made Who,110,100,207
 74 D.T.,AC/DC,Who Made Who,90,,173
 75 Sink the Pink,AC/DC,Who Made Who,83,,253
 76 Ride On,AC/DC,Who Made Who,75,,351
 77 Chase the Ace,AC/DC,Who Made Who,93,,181
 78 Wollt Ihr Das Bett In Flammen Sehen,Rammstein,Herzeleid,50,,317
 79 Der Meister,Rammstein,Herzeleid,46,,250
 80 Weisses Fleisch,Rammstein,Herzeleid,52,,215
 81 Seemann,Rammstein,Herzeleid,34,,288
 82 Du Riechst So Gut,Rammstein,Herzeleid,50,,289                                                                                                                      
 83 Das Alte Leid,Rammstein,Herzeleid,46,,344
 84 Heirate Mich,Rammstein,Herzeleid,39,,284
 85 Herzeleid,Rammstein,Herzeleid,42,,223
 85 Herzeleid,Rammstein,Herzeleid,42,,223
 86 Baba O'Riley,The Who,Who's Next,45,,298
 87 Bargain,The Who,Who's Next,37,,331
 88 Love Ain't for Keeping,The Who,Who's Next,24,,130
 89 My Wife,The Who,Who's Next,17,,213
 90 The Song Is Over,The Who,Who's Next,14,,375
 91 Getting In Tune,The Who,Who's Next,27,,288
 92 Going Mobile,The Who,Who's Next,28,100,221
 93 Behind Blue Eyes,The Who,Who's Next,43,,221
 94 Won't Get Fooled Again,The Who,Who's Next,21,,511
 95 Folsom Prison Blues,Johnny Cash,The Legend Of Johnny Cash,47,100,170
 96 I Walk The Line,Johnny Cash,The Legend Of Johnny Cash,33,100,165
 97 Get Rhythm,Johnny Cash,The Legend Of Johnny Cash,35,100,134
 98 Big River,Johnny Cash,The Legend Of Johnny Cash,51,,152
 99 Guess Things Happen That Way,Johnny Cash,The Legend Of Johnny Cash,35,,111
100 Ring Of Fire,Johnny Cash,The Legend Of Johnny Cash,30,100,157
101 Jackson,Johnny Cash,The Legend Of Johnny Cash,35,100,166
102 A Boy Named Sue (live),Johnny Cash,The Legend Of Johnny Cash,37,,226
103 You Raise Me Up,Selah,Hiding Place,9,,302
104 "Hold On, I'm Coming",The Canettes Blues Band,On Tap & In the Can,34,100,282
105 Got my Mojo Working,The Canettes Blues Band,On Tap & In the Can,52,100,310
106 Sweet Home Chicago,The Canettes Blues Band,On Tap & In the Can,27,100,375
107 Heavy Love,The Canettes Blues Band,On Tap & In the Can,28,100,253
108 Cold Cold Feeling,The Canettes Blues Band,On Tap & In the Can,43,100,261
109 Lonely Avenue,The Canettes Blues Band,On Tap & In the Can,24,100,292
110 Good Morning Little Schoolgirl,The Canettes Blues Band,On Tap & In the Can,20,100,278
111 Dust My Broom,The Canettes Blues Band,On Tap & In the Can,24,100,299
112 Gimme' Some Lovin,The Canettes Blues Band,On Tap & In the Can,35,100,227
113 Everybody Needs Somebody to Love,The Canettes Blues Band,On Tap & In the Can,24,100,195
114 Black Magic Woman,The Canettes Blues Band,On Tap & In the Can,31,100,442
115 Steppin' Rooster,The Canettes Blues Band,On Tap & In the Can,21,100,704
116 Our Love is Drifting,The Canettes Blues Band,On Tap & In the Can,15,100,292
117 Doin' 100,The Canettes Blues Band,On Tap & In the Can,20,100,343
118 Mother Joy,Matt Ender,Natural Wonders Music Sampler 1999,463,,287
119 Soldier's Lament,Steve McDonald,Natural Wonders Music Sampler 1999,371,,347
120 Dulaman,Altan,Natural Wonders Music Sampler 1999,403,,223
121 The Arrow,Chris Spheeris,Natural Wonders Music Sampler 1999,416,,319
122 Spanish Eyes,La Esperanza,Natural Wonders Music Sampler 1999,375,,259
123 Banana Bay,Luis Villegas,Natural Wonders Music Sampler 1999,403,,198
124 Aguas De Marco,Rosa Passos,Natural Wonders Music Sampler 1999,407,,179                                                                                             
125 Tamborea,Energipsy,Natural Wonders Music Sampler 1999,355,,235
126 Gone,Hollie Smith,Natural Wonders Music Sampler 1999,362,,196
127 The Immigrant,Joanie Madden,Natural Wonders Music Sampler 1999,350,,362
 Py4Inf-09-Dictionaries.mp3,Recording by Dr. Chuck,Python for Informatics's official Podcast.,,,2254
257 Py4Inf-08-Lists.mp3,Recording by Dr. Chuck,Python for Informatics's official Podcast.,,,1636
258 Py4Inf-07-Files.mp3,Recording by Dr. Chuck,Python for Informatics's official Podcast.,,,1478
259 Py4Inf-06-Strings.mp3,Recording by Dr. Chuck,Python for Informatics's official Podcast.,,,1677
260 Py4Inf-05-Iterations.mp3,Recording by Dr. Chuck,Python for Informatics's official Podcast.,,,2804
261 Py4Inf-04-Functions.mp3,Recording by Dr. Chuck,Python for Informatics's official Podcast.,,,1683
262 Py4Inf-03-Conditional.mp3,Recording by Dr. Chuck,Python for Informatics's official Podcast.,,,2296
263 Py4Inf-02-Expressions.mp3,Recording by Dr. Chuck,Python for Informatics's official Podcast.,,,2578
264 Py4Inf-01-Intro.mp3,Recording by Dr. Chuck,Python for Informatics's official Podcast.,,,3428
265 Ian Foster on the Globus Project,IEEE Computer Society,Computing Conversations,1,,538
266 Khan Academy and Computer Science,IEEE Computer Society,Computing Conversations,1,,558
267 Guido van Rossumon the Early Years of Python,IEEE Computer Society,Computing Conversations,1,,701
268 Guido van Rossum on the Modern Era of Python,IEEE Computer Society,Computing Conversations,,,741
269 John Resig on Building jQuery,IEEE Computer Society,Computing Conversations,,,595
270 Roy T. Fielding on Understanding the REST Style,IEEE Computer Society,Computing Conversations,1,,683
271 Anil Jain: 25 Years of Biometric Recognition,IEEE Computer Society,Computing Conversations,,,661
272 Waste Management,Undercover Boss,"Undercover Boss, Season 1",1,,2565
273 Sleep Like a Baby Tonight,U2,Songs of Innocence,,,301
274 Evergreen,The Black Crowes,Warpaint,,,261
275 Oh Josephine,The Black Crowes,Warpaint,,,398
276 Movin' On Down the Line,The Black Crowes,Warpaint,,,342
277 Wounded Bird,The Black Crowes,Warpaint,,,263
278 Volcano,U2,Songs of Innocence,,,194
279 Wee Who See the Deep,The Black Crowes,Warpaint,,,290
280 Cedarwood Road,U2,Songs of Innocence,,,265
281 Locust Street,The Black Crowes,Warpaint,,,255
282 Raised By Wolves,U2,Songs of Innocence,,,245
283 The Troubles,U2,Songs of Innocence,,,285
284 This Is Where You Can Reach Me Now,U2,Songs of Innocence,,,305
285 God's Got It,The Black Crowes,Warpaint,,,202
286 California (There Is No End to Love),U2,Songs of Innocence,,,239
287 Every Breaking Wave,U2,Songs of Innocence,,,252
288 Interview With the Onion News Network,Onion News Network,"Onion News Network, Season 1",1,,302
289 Song for Someone,U2,Songs of Innocence,,,226
290 The Miracle (Of Joey Ramone),U2,Songs of Innocence,,,255
291 Iris (Hold Me Close),U2,Songs of Innocence,,,319
292 Goodbye Daughters of the Revolution,The Black Crowes,Warpaint,,,304
293 Walk Believer Walk,The Black Crowes,Warpaint,,,280
294 Choice Hotels International,Undercover Boss,"Undercover Boss, Season 2",1,,2614
295 Microchip,Jason Farnham,YouTube Audio Library,,,114
296 Anant Agarwal,IEEE Computer Society,Computing Conversations,,,494 
